{"Loss": 7.339469909667969, "Distance": 14.710647583007812, "Accuracy": 0.009924708865582943, "Monotonicity": 1.0, "Coverage": 0.021233689039945602}